{"data":[{"id":"d878dd17-9036-4220-a4d1-591d1946d222","date":"2025-03-18 14:15:29","expiresAt":"2999-12-31 23:59:59","activation":{"type":"scroll"},"type":"capture","configuration":{"fixedWidth":"true","margin":"true","effectFadeIn":"false","closeBtn":"true","showIcon":"true","iconUrl":"https:\/\/icons.pn.vg\/2019\/07\/24\/5d388cbe77757.png","text":"Fique por dentro das novidades \u2728","description":"Cadastre-se e ganhe cupom para sua primeira compra","url":"","style":{"colors":{"color1":{"bg":"#FFFFFF","text":"#000000","textLighter":"#646464"},"color2":{"bg":"#FFFFFF","text":"#000000"},"color3":{"bg":"#000000","text":"#ffffff"},"color1Alt":{"bg":"#e6e6e6","text":"#000000"}},"userTheme":"custom-20250318_141518"},"leadForm":"true","leadEmail":"true","leadEmailLabel":"","leadEmailPlaceHolder":"E-mail","leadName":"true","leadNameLabel":"","leadNamePlaceHolder":"Nome","leadConsentText":"Li e concordo com a Pol\u00edtica de Privacidade","leadPhoneMask":"(99) 99999-9999","leadPhoneCountry":"BR","leadSubmitButton":"Cadastrar","leadSuccessMessage":"Muito obrigada \ud83d\ude0d Em breve voc\u00ea receber\u00e1 seu cupom","leadSuccessAutoClose":"true","leadSuccessAutoCloseSeconds":5,"iconWidth":"48","iconHeight":"48","lightbox":"false","openLinkInSamePage":"true","verticalAlignment":"bottom","horizontalAlignment":"right","campaignId":"d878dd17-9036-4220-a4d1-591d1946d222"}},{"id":"1ca7701c-f502-4eb0-84fe-bc3677e7ea4f","date":"2025-11-13 21:27:41","expiresAt":"2025-11-17 19:00:00","activationRule":[{"condition":"regex","value":"feminino","options":"i"},{"condition":"maxViewsPerUser","value":"2"}],"activation":{"type":"scroll"},"redisplay":{"status":true,"cooldownHours":"12","dismissalReason":"dismiss"},"type":"countdown","configuration":{"fixedWidth":"true","margin":"true","effectFadeIn":"false","closeBtn":"true","showIcon":"false","iconUrl":"","text":"Kits INCR\u00cdVEIS da Farm a partir de R$ 89,99","description":"Flores\u00e7a nesse ver\u00e3o \ud83c\udf3b","url":"https:\/\/www.zattini.com.br\/lst\/emkt-kits-farm?utm_source=push&utm_medium=onsite&utm_campaign=%3A%3AN3T%3AEM-PR-NWS-emkt_kits_farm-12112025%3AN3T%3A%3A&_pnSrc=POS&_pnId=1ca7701c-f502-4eb0-84fe-bc3677e7ea4f","style":{"colors":{"color1":{"bg":"#000000","text":"#ffffff","textLighter":"#d7d7d7"},"color2":{"bg":"#E716C9","text":"#ffffff"},"color3":{"bg":"#E716C9","text":"#ffffff"},"color1Alt":{"bg":"#191919","text":"#ffffff"}},"userTheme":"custom-20251113_212735"},"leadSuccessAutoClose":"false","isHighlight":"true","deadline":"true","ctaButton":"true","cta":"true","deadlineTimestamp":1763406000000,"deadlineOverMessage":"Oops! Acabou o tempo...","ctaText":"Eu quero!","lightbox":"false","openLinkInSamePage":"false","verticalAlignment":"top","horizontalAlignment":"right","campaignId":"1ca7701c-f502-4eb0-84fe-bc3677e7ea4f"}},{"id":"6fa32bff-d334-46c5-ab87-9715f750706c","date":"2025-11-15 03:01:00","expiresAt":"2025-11-17 15:00:00","activationRule":[{"condition":"regex","value":"tenis","options":"i"},{"condition":"maxViewsPerUser","value":"3"}],"activation":{"type":"scroll"},"redisplay":{"status":"1","cooldownHours":"12","dismissalReason":"dismiss"},"type":"countdown","configuration":{"fixedWidth":"true","margin":"true","effectFadeIn":"false","closeBtn":"true","showIcon":"false","iconUrl":"","text":"\ud83d\udd25 QUEIMA DE ESTOQUE \ud83d\udd25","description":"\u00daltimas pe\u00e7as de t\u00eanis a partir de R$ 47,49","url":"https:\/\/www.zattini.com.br\/lst\/bn-ultima-chance-tenis?utm_source=onsite&utm_medium=onsite&utm_campaign=%3A%3AN3T%3AEM-PR-NWS-bn_ultimas_pecas-15112025%3AN3T%3A%3A&_pnSrc=POS&_pnId=6fa32bff-d334-46c5-ab87-9715f750706c","style":{"colors":{"color1":{"bg":"#000000","text":"#ffffff","textLighter":"#d7d7d7"},"color2":{"bg":"#E726E5","text":"#ffffff"},"color3":{"bg":"#E726E5","text":"#ffffff"},"color1Alt":{"bg":"#191919","text":"#ffffff"}},"userTheme":"custom-20251113_205856"},"leadSuccessAutoClose":"false","isHighlight":"true","deadline":"true","ctaButton":"true","cta":"true","deadlineTimestamp":"1763391600000","deadlineOverMessage":"Oops! Acabou o tempo...","ctaText":"Comprar","lightbox":"false","openLinkInSamePage":"false","verticalAlignment":"top","horizontalAlignment":"left","campaignId":"6fa32bff-d334-46c5-ab87-9715f750706c"}},{"id":"f93ed5bd-031b-4d5d-a236-d77b8d7265d8","date":"2025-11-15 03:01:00","expiresAt":"2025-11-17 19:00:00","activationRule":[{"condition":"pathname-regex","value":"^\\\/$"},{"condition":"maxViewsPerUser","value":"2"}],"activation":{"type":"delay","seconds":2},"type":"roulette","configuration":{"fixedWidth":"true","margin":"true","effectFadeIn":"false","closeBtn":"true","text":"Cupons EXCLUSIVOS de Black November","description":"Gire a roleta e resgate seu cupom!","url":"","style":{"colors":{"color1":{"bg":"#000000","text":"#ffffff","textLighter":"#d7d7d7"},"color2":{"bg":"#E729DE","text":"#ffffff"},"color3":{"bg":"#E729DE","text":"#ffffff"},"color1Alt":{"bg":"#191919","text":"#ffffff"}},"userTheme":"custom-20251114_191504"},"leadForm":"true","leadEmail":"true","leadEmailLabel":"e-mail","leadEmailPlaceHolder":"E-mail","leadName":"true","leadNameLabel":"Nome","leadNamePlaceHolder":"Nome","leadPhoneMask":"(99) 99999-9999","leadPhoneCountry":"BR","leadSubmitButton":"Girar!","leadSuccessMessage":"Parab\u00e9ns! Voc\u00ea ganhou!","leadSuccessButtonText":"Resgatar cupom!","leadSuccessAutoClose":"false","isHighlight":"true","roulette":"true","rouletteElements":[{"text":"Tente de novo","id":"Tente_de_novo","chance":"10","hasPrize":false},{"text":"Cavalera","id":"Cavalera","chance":"10","hasPrize":true,"url":"https:\/\/www.zattini.com.br\/lst\/mk-cavalera?_pnSrc=POS&_pnId=f93ed5bd-031b-4d5d-a236-d77b8d7265d8"},{"text":"Infantil","id":"Infantil","chance":"10","hasPrize":true,"url":"https:\/\/www.zattini.com.br\/lst\/bn-tenis-olympikus?_pnSrc=POS&_pnId=f93ed5bd-031b-4d5d-a236-d77b8d7265d8"},{"text":"Tommy","id":"Tommy","chance":"10","hasPrize":true,"url":"https:\/\/www.zattini.com.br\/lst\/bn-tommy-hilfiger?_pnSrc=POS&_pnId=f93ed5bd-031b-4d5d-a236-d77b8d7265d8"},{"text":"Cosm\u00e9ticos","id":"Cosm\u00e9ticos","chance":"10","hasPrize":true,"url":"https:\/\/www.zattini.com.br\/lst\/bn-epoca15?_pnSrc=POS&_pnId=f93ed5bd-031b-4d5d-a236-d77b8d7265d8"},{"text":"Volte amanh\u00e3","id":"Volte_amanh\u00e3","chance":"10","hasPrize":false},{"text":"F\u00f3rum","id":"F\u00f3rum","chance":"10","hasPrize":true,"url":"https:\/\/www.zattini.com.br\/lst\/mk-cavalera?_pnSrc=POS&_pnId=f93ed5bd-031b-4d5d-a236-d77b8d7265d8"},{"text":"Reebok","id":"Reebok","chance":"10","hasPrize":true,"url":"https:\/\/www.zattini.com.br\/lst\/bn-lanc-reebok?_pnSrc=POS&_pnId=f93ed5bd-031b-4d5d-a236-d77b8d7265d8"},{"text":"Farm","id":"Farm","chance":"10","hasPrize":true,"url":"https:\/\/www.zattini.com.br\/lst\/bn-lanc-farm?_pnSrc=POS&_pnId=f93ed5bd-031b-4d5d-a236-d77b8d7265d8"},{"text":"Lacoste","id":"Lacoste","chance":"10","hasPrize":true,"url":"https:\/\/www.zattini.com.br\/lst\/bn-acessorios-lacoste?_pnSrc=POS&_pnId=f93ed5bd-031b-4d5d-a236-d77b8d7265d8"}],"subtype":"redirect","rouletteTryAgainText":"Tentar novamente!","rouletteGetPrizeText":"Obter pr\u00eamio!","rouletteMaxSpins":"2","rouletteBiased":"true","rouletteColors":["#8338EC","#3A86FF","#9CEF56","#FF4995","#FF7641","#FFD13D","#EC0000","#2AEAFF","#CEEFBD","#FFB3D4"],"lightbox":"true","openLinkInSamePage":"true","verticalAlignment":"center","horizontalAlignment":"center","campaignId":"f93ed5bd-031b-4d5d-a236-d77b8d7265d8"}},{"id":"e17c948b-a2df-4eea-8d4c-c9b51cfb4ae5","date":"2025-11-18 03:01:00","expiresAt":"2025-11-21 15:00:00","activationRule":[{"condition":"regex","value":"sandalias","options":"i"},{"condition":"maxViewsPerUser","value":"3"}],"activation":{"type":"scroll"},"redisplay":{"status":"1","cooldownHours":"12","dismissalReason":"dismiss"},"type":"countdown","configuration":{"fixedWidth":"true","margin":"true","effectFadeIn":"false","closeBtn":"true","showIcon":"false","iconUrl":"","text":"\ud83d\udd25 QUEIMA DE ESTOQUE \ud83d\udd25","description":"\u00daltimas pe\u00e7as de sand\u00e1lias a partir de R$ 56,99","url":"https:\/\/www.zattini.com.br\/lst\/bn-ultima-chance-sandalias?utm_source=onsite&utm_medium=onsite&utm_campaign=%3A%3AN3T%3AEM-PR-NWS-bn_ultima_chance_sandalias-17112025%3AN3T%3A%3A&_pnSrc=POS&_pnId=e17c948b-a2df-4eea-8d4c-c9b51cfb4ae5","style":{"colors":{"color1":{"bg":"#000000","text":"#ffffff","textLighter":"#d7d7d7"},"color2":{"bg":"#E726D8","text":"#ffffff"},"color3":{"bg":"#E726D8","text":"#ffffff"},"color1Alt":{"bg":"#191919","text":"#ffffff"}},"userTheme":"custom-20251117_142441"},"leadSuccessAutoClose":"false","isHighlight":"true","deadline":"true","ctaButton":"true","cta":"true","deadlineTimestamp":"1763737200000","deadlineOverMessage":"Oops! Acabou o tempo...","ctaText":"Comprar","lightbox":"false","openLinkInSamePage":"false","verticalAlignment":"top","horizontalAlignment":"left","campaignId":"e17c948b-a2df-4eea-8d4c-c9b51cfb4ae5"}}]}